Mutations_str,Date,ID,Clade,Lineage,Location,Ancestor_ID,kshell,wdks
1(Deletion:-AT-TAAAGG----TTTATA------------------CCTTCCCAGGTAA------CAA---------------------ACCAACCAACTTTCGATCTCTTGT->-);291(SNP:C->T);3087(SNP:C->T);5220(SNP:C->T);6402(SNP:G->T);10188(SNP:C->T);10557(SNP:C->T);12103(SNP:C->T);14458(SNP:C->T);17204(SNP:T->C);20182(SNP:C->T);23453(SNP:A->G);23456(SNP:T->C);25138(SNP:G->T);28931(SNP:G->A);28932(SNP:G->A);28933(SNP:G->C);29887(Deletion:CCCATGTG-ATTTTAATAGC--TT-C--T--TAGGAG--AATGA---------------------------------------------------------------------------------------------------------------------------CAAAAAAAAAAAAAAAAAAAAAAAAAAAAAAAAA--------------------------------------------------------------------------------------------------------------------------------------------------------------------------------------------------------------------------------------------------------------------------------------------------------------------------------------------------------------------------------------------------------------------------------------------------------------------------------------------------------------------------------------------------------------------------------------------------------------------------------------------------------------------------------------------------------------------------------------------------------------------------------------------------------------------------------------------------------->C),2020-06-14,['EPI_ISL_16355117'],GR,B.1.1.28,South America / Brazil / Sao Paulo / Araraquara,['EPI_ISL_16224807'],1,0.010749735526007411
1(Deletion:-AT-TAAAGG----TTTATA------------------CCTTCCCAGGTAA------CAA---------------------ACCAACCAACTTTCGATCTCTTGT->-);291(SNP:C->T);3087(SNP:C->T);6411(SNP:C->T);12103(SNP:C->T);14458(SNP:C->T);23453(SNP:A->G);25138(SNP:G->T);26506(SNP:C->T);26945(SNP:C->T);28931(SNP:G->A);28932(SNP:G->A);28933(SNP:G->C);29887(Deletion:CCCATGTG-ATTTTAATAGC--TT-C--T--TAGGAG--AATGA---------------------------------------------------------------------------------------------------------------------------CAAAAAAAAAAAAAAAAAAAAAAAAAAAAAAAAA--------------------------------------------------------------------------------------------------------------------------------------------------------------------------------------------------------------------------------------------------------------------------------------------------------------------------------------------------------------------------------------------------------------------------------------------------------------------------------------------------------------------------------------------------------------------------------------------------------------------------------------------------------------------------------------------------------------------------------------------------------------------------------------------------------------------------------------------------------->C),2020-06-15,['EPI_ISL_16224651'],GR,B.1.1.28,South America / Brazil / Sao Paulo / Ribeirao Preto,['EPI_ISL_16224807'],1,0.010749735526007411
1(Deletion:-AT-TAAAGG----TTTATA------------------CCTTCCCAGGTAA------CAA---------------------ACCAACCAACTTTCGATCTCTTGT->-);291(SNP:C->T);2557(SNP:C->T);3049(SNP:G->T);3087(SNP:C->T);5223(SNP:C->T);6312(SNP:T->C);12103(SNP:C->T);14458(SNP:C->T);18387(SNP:G->T);23453(SNP:A->G);25138(SNP:G->T);25257(SNP:C->T);25551(SNP:A->G);28688(SNP:C->T);28931(SNP:G->A);28932(SNP:G->A);28933(SNP:G->C);29887(Deletion:CCCATGTG-ATTTTAATAGC--TT-C--T--TAGGAG--AATGA---------------------------------------------------------------------------------------------------------------------------CAAAAAAAAAAAAAAAAAAAAAAAAAAAAAAAAA--------------------------------------------------------------------------------------------------------------------------------------------------------------------------------------------------------------------------------------------------------------------------------------------------------------------------------------------------------------------------------------------------------------------------------------------------------------------------------------------------------------------------------------------------------------------------------------------------------------------------------------------------------------------------------------------------------------------------------------------------------------------------------------------------------------------------------------------------------->C),2020-06-17,['EPI_ISL_16224677'],GR,B.1.1.28,South America / Brazil / Sao Paulo / Sao Simao,['EPI_ISL_16224807'],1,0.010749735526007411
1(Deletion:-AT-TAAAGG----TTTATA------------------CCTTCCCAGGTAA------CAA---------------------ACCAACCAACTTTCGATCTCTTGT->-);291(SNP:C->T);3087(SNP:C->T);7092(SNP:G->T);12103(SNP:C->T);12252(SNP:G->T);14458(SNP:C->T);23453(SNP:A->G);25138(SNP:G->T);27812(SNP:G->T);28931(SNP:G->A);28932(SNP:G->A);28933(SNP:G->C);29887(Deletion:CCCATGTG-ATTTTAATAGC--TT-C--T--TAGGAG--AATGA---------------------------------------------------------------------------------------------------------------------------CAAAAAAAAAAAAAAAAAAAAAAAAAAAAAAAAA--------------------------------------------------------------------------------------------------------------------------------------------------------------------------------------------------------------------------------------------------------------------------------------------------------------------------------------------------------------------------------------------------------------------------------------------------------------------------------------------------------------------------------------------------------------------------------------------------------------------------------------------------------------------------------------------------------------------------------------------------------------------------------------------------------------------------------------------------------->C),2020-06-22,['EPI_ISL_7744113'],GR,B.1.1.28,South America / Brazil / Santa Catarina / Herval Dâ€™Oeste,['EPI_ISL_16224807'],1,0.010749735526007411
1(Deletion:-AT-TAAAGG----TTTATA------------------CCTTCCCAGGTAA------CAA---------------------ACCAACCAACTTTCGATCTCTTGT->-);197(SNP:C->T);291(SNP:C->T);900(SNP:C->T);3087(SNP:C->T);12103(SNP:C->T);14458(SNP:C->T);20066(SNP:C->T);23453(SNP:A->G);25138(SNP:G->T);25257(SNP:C->T);25692(SNP:C->T);28443(SNP:T->C);28931(SNP:G->A);28932(SNP:G->A);28933(SNP:G->C);29887(Deletion:CCCATGTG-ATTTTAATAGC--TT-C--T--TAGGAG--AATGA---------------------------------------------------------------------------------------------------------------------------CAAAAAAAAAAAAAAAAAAAAAAAAAAAAAAAAA--------------------------------------------------------------------------------------------------------------------------------------------------------------------------------------------------------------------------------------------------------------------------------------------------------------------------------------------------------------------------------------------------------------------------------------------------------------------------------------------------------------------------------------------------------------------------------------------------------------------------------------------------------------------------------------------------------------------------------------------------------------------------------------------------------------------------------------------------------->C),2020-06-23,['EPI_ISL_7743949'],GR,B.1.1.28,South America / Brazil / Santa Catarina / Florianopolis,['EPI_ISL_16224807'],1,0.010749735526007411
1(Deletion:-AT-TAAAGG----TTTATA------------------CCTTCCCAGGTAA------CAA---------------------ACCAACCAACTTTCGATCTCTTGT->-);291(SNP:C->T);1356(SNP:G->T);3087(SNP:C->T);3335(SNP:A->C);7691(SNP:G->A);12103(SNP:C->T);14458(SNP:C->T);23453(SNP:A->G);25138(SNP:G->T);28678(SNP:G->T);28901(SNP:G->C);28931(SNP:G->A);28932(SNP:G->A);28933(SNP:G->C);29784(SNP:G->C);29887(Deletion:CCCATGTG-ATTTTAATAGC--TT-C--T--TAGGAG--AATGA---------------------------------------------------------------------------------------------------------------------------CAAAAAAAAAAAAAAAAAAAAAAAAAAAAAAAAA--------------------------------------------------------------------------------------------------------------------------------------------------------------------------------------------------------------------------------------------------------------------------------------------------------------------------------------------------------------------------------------------------------------------------------------------------------------------------------------------------------------------------------------------------------------------------------------------------------------------------------------------------------------------------------------------------------------------------------------------------------------------------------------------------------------------------------------------------------->C),2020-06-29,['EPI_ISL_17819458'],GR,B.1.1.28,South America / Brazil / Sao Paulo / Campinas,['EPI_ISL_16224807'],1,0.010749735526007411
1(Deletion:-AT-TAAAGG----TTTATA------------------CCTTCCCAGGTAA------CAA---------------------ACCAACCAACTTTCGATCTCTTGT->-);291(SNP:C->T);3087(SNP:C->T);12103(SNP:C->T);14458(SNP:C->T);23453(SNP:A->G);24112(SNP:A->T);25138(SNP:G->T);28394(SNP:C->A);28931(SNP:G->A);28932(SNP:G->A);28933(SNP:G->C);29385(SNP:T->C);29449(SNP:G->A);29887(Deletion:CCCATGTG-ATTTTAATAGC--TT-C--T--TAGGAG--AATGA---------------------------------------------------------------------------------------------------------------------------CAAAAAAAAAAAAAAAAAAAAAAAAAAAAAAAAA--------------------------------------------------------------------------------------------------------------------------------------------------------------------------------------------------------------------------------------------------------------------------------------------------------------------------------------------------------------------------------------------------------------------------------------------------------------------------------------------------------------------------------------------------------------------------------------------------------------------------------------------------------------------------------------------------------------------------------------------------------------------------------------------------------------------------------------------------------->C),2020-07-02,['EPI_ISL_16224793'],GR,B.1.1.28,South America / Brazil / Sao Paulo / Ribeirao Preto,['EPI_ISL_16224807'],1,0.010749735526007411
1(Deletion:-AT-TAAAGG----TTTATA------------------CCTTCCCAGGTAA------CAA---------------------ACCAACCAACTTTCGATCTCTTGT->-);224(SNP:G->T);291(SNP:C->T);3087(SNP:C->T);5592(SNP:G->A);12103(SNP:C->T);14458(SNP:C->T);20507(SNP:C->T);23453(SNP:A->G);24418(SNP:G->T);25086(SNP:T->C);25138(SNP:G->T);28031(SNP:C->A);28931(SNP:G->A);28932(SNP:G->A);28933(SNP:G->C);29324(SNP:C->T);29887(Deletion:CCCATGTG-ATTTTAATAGC--TT-C--T--TAGGAG--AATGA---------------------------------------------------------------------------------------------------------------------------CAAAAAAAAAAAAAAAAAAAAAAAAAAAAAAAAA--------------------------------------------------------------------------------------------------------------------------------------------------------------------------------------------------------------------------------------------------------------------------------------------------------------------------------------------------------------------------------------------------------------------------------------------------------------------------------------------------------------------------------------------------------------------------------------------------------------------------------------------------------------------------------------------------------------------------------------------------------------------------------------------------------------------------------------------------------->C),2020-07-03,['EPI_ISL_16224800'],GR,B.1.1.28,South America / Brazil / Sao Paulo / Ribeirao Preto,['EPI_ISL_16224807'],1,0.010749735526007411
1(Deletion:-AT-TAAAGG----TTTATA------------------CCTTCCCAGGTAA------CAA---------------------ACCAACCAACTTTCGATCTCTTGT->-);291(SNP:C->T);3087(SNP:C->T);12103(SNP:C->T);14458(SNP:C->T);23453(SNP:A->G);25138(SNP:G->T);28931(SNP:G->A);28932(SNP:G->A);28933(SNP:G->C);29887(Deletion:CCCATGTG-ATTTTAATAGC--TT-C--T--TAGGAG--AATGA---------------------------------------------------------------------------------------------------------------------------CAAAAAAAAAAAAAAAAAAAAAAAAAAAAAAAAA--------------------------------------------------------------------------------------------------------------------------------------------------------------------------------------------------------------------------------------------------------------------------------------------------------------------------------------------------------------------------------------------------------------------------------------------------------------------------------------------------------------------------------------------------------------------------------------------------------------------------------------------------------------------------------------------------------------------------------------------------------------------------------------------------------------------------------------------------------->C),2020-07-06,['EPI_ISL_16224807'],GR,B.1.1.28,South America / Brazil / Sao Paulo / Ribeirao Preto,,1,0.20796347768723483
1(Deletion:-AT-TAAAGG----TTTATA------------------CCTTCCCAGGTAA------CAA---------------------ACCAACCAACTTTCGATCTCTTGT->-);291(SNP:C->T);457(SNP:G->A);612(SNP:T->C);3087(SNP:C->T);12103(SNP:C->T);14458(SNP:C->T);18794(SNP:C->T);21355(SNP:G->A);21983(SNP:C->G);23453(SNP:A->G);25029(SNP:T->C);25138(SNP:G->T);26551(SNP:G->C);27929(SNP:C->T);28931(SNP:G->A);28932(SNP:G->A);28933(SNP:G->C);28934(SNP:G->T);29887(Deletion:CCCATGTG-ATTTTAATAGC--TT-C--T--TAGGAG--AATGA---------------------------------------------------------------------------------------------------------------------------CAAAAAAAAAAAAAAAAAAAAAAAAAAAAAAAAA--------------------------------------------------------------------------------------------------------------------------------------------------------------------------------------------------------------------------------------------------------------------------------------------------------------------------------------------------------------------------------------------------------------------------------------------------------------------------------------------------------------------------------------------------------------------------------------------------------------------------------------------------------------------------------------------------------------------------------------------------------------------------------------------------------------------------------------------------------->C),2020-07-08,['EPI_ISL_16224831'],GR,B.1.1.28,South America / Brazil / Sao Paulo / Tambau,['EPI_ISL_16224807'],1,0.010749735526007411
1(Deletion:-AT-TAAAGG----TTTATA------------------CCTTCCCAGGTAA------CAA---------------------ACCAACCAACTTTCGATCTCTTGT->-);291(SNP:C->T);2535(SNP:C->T);3087(SNP:C->T);12103(SNP:C->T);14458(SNP:C->T);16524(SNP:A->G);19265(SNP:T->C);20182(SNP:C->T);23453(SNP:A->G);23577(SNP:T->C);25138(SNP:G->T);27064(SNP:G->T);28931(SNP:G->A);28932(SNP:G->A);28933(SNP:G->C);29353(SNP:C->T);29887(Deletion:CCCATGTG-ATTTTAATAGC--TT-C--T--TAGGAG--AATGA---------------------------------------------------------------------------------------------------------------------------CAAAAAAAAAAAAAAAAAAAAAAAAAAAAAAAAA--------------------------------------------------------------------------------------------------------------------------------------------------------------------------------------------------------------------------------------------------------------------------------------------------------------------------------------------------------------------------------------------------------------------------------------------------------------------------------------------------------------------------------------------------------------------------------------------------------------------------------------------------------------------------------------------------------------------------------------------------------------------------------------------------------------------------------------------------------->C),2020-07-09,['EPI_ISL_16224836'],GR,B.1.1.28,South America / Brazil / Sao Paulo / Ribeirao Preto,['EPI_ISL_16224807'],1,0.010749735526007411
1(Deletion:-AT-TAAAGG----TTTATA------------------CCTTCCCAGGTAA------CAA---------------------ACCAACCAACTTTCGATCTCTTGT->-);291(SNP:C->T);3087(SNP:C->T);11108(SNP:C->T);12103(SNP:C->T);14458(SNP:C->T);23453(SNP:A->G);25138(SNP:G->T);26506(SNP:C->T);28931(SNP:G->A);28932(SNP:G->A);28933(SNP:G->C);29887(Deletion:CCCATGTG-ATTTTAATAGC--TT-C--T--TAGGAG--AATGA---------------------------------------------------------------------------------------------------------------------------CAAAAAAAAAAAAAAAAAAAAAAAAAAAAAAAAA--------------------------------------------------------------------------------------------------------------------------------------------------------------------------------------------------------------------------------------------------------------------------------------------------------------------------------------------------------------------------------------------------------------------------------------------------------------------------------------------------------------------------------------------------------------------------------------------------------------------------------------------------------------------------------------------------------------------------------------------------------------------------------------------------------------------------------------------------------->C),2020-07-14,['EPI_ISL_16224871'],GR,B.1.1.28,South America / Brazil / Sao Paulo / Ribeirao Preto,['EPI_ISL_16224807'],1,0.010749735526007411
1(Deletion:-AT-TAAAGG----TTTATA------------------CCTTCCCAGGTAA------CAA---------------------ACCAACCAACTTTCGATCTCTTGT->-);291(SNP:C->T);2032(SNP:A->G);2390(SNP:C->T);3087(SNP:C->T);4005(SNP:G->T);9672(SNP:T->C);12103(SNP:C->T);14458(SNP:C->T);20467(SNP:A->G);23453(SNP:A->G);25138(SNP:G->T);28931(SNP:G->A);28932(SNP:G->A);28933(SNP:G->C);29887(Deletion:CCCATGTG-ATTTTAATAGC--TT-C--T--TAGGAG--AATGA---------------------------------------------------------------------------------------------------------------------------CAAAAAAAAAAAAAAAAAAAAAAAAAAAAAAAAA--------------------------------------------------------------------------------------------------------------------------------------------------------------------------------------------------------------------------------------------------------------------------------------------------------------------------------------------------------------------------------------------------------------------------------------------------------------------------------------------------------------------------------------------------------------------------------------------------------------------------------------------------------------------------------------------------------------------------------------------------------------------------------------------------------------------------------------------------------->C),2020-07-16,['EPI_ISL_18632221'],GR,B.1.1.28,South America / Brazil / Sao Paulo / Sao Jose do Rio Preto,['EPI_ISL_16224807'],1,0.010749735526007411
1(Deletion:-AT-TAAAGG----TTTATA------------------CCTTCCCAGGTAA------CAA---------------------ACCAACCAACTTTCGATCTCTTGT->-);291(SNP:C->T);684(SNP:T->A);1734(SNP:C->A);3087(SNP:C->T);12103(SNP:C->T);12757(SNP:G->A);14458(SNP:C->T);18596(SNP:G->T);23453(SNP:A->G);25138(SNP:G->T);26497(SNP:C->T);27582(SNP:C->T);28931(SNP:G->A);28932(SNP:G->A);28933(SNP:G->C);29887(Deletion:CCCATGTG-ATTTTAATAGC--TT-C--T--TAGGAG--AATGA---------------------------------------------------------------------------------------------------------------------------CAAAAAAAAAAAAAAAAAAAAAAAAAAAAAAAAA--------------------------------------------------------------------------------------------------------------------------------------------------------------------------------------------------------------------------------------------------------------------------------------------------------------------------------------------------------------------------------------------------------------------------------------------------------------------------------------------------------------------------------------------------------------------------------------------------------------------------------------------------------------------------------------------------------------------------------------------------------------------------------------------------------------------------------------------------------->C),2020-07-23,['EPI_ISL_17074863'],GR,B.1.1.28,South America / Brazil / Sao Paulo,['EPI_ISL_16224807'],1,0.010749735526007411
1(Deletion:-AT-TAAAGG----TTTATA------------------CCTTCCCAGGTAA------CAA---------------------ACCAACCAACTTTCGATCTCTTGT->-);291(SNP:C->T);2420(SNP:C->T);3087(SNP:C->T);6731(SNP:C->T);7223(SNP:C->T);12103(SNP:C->T);13601(SNP:C->T);14458(SNP:C->T);16343(SNP:C->T);22249(SNP:G->C);23453(SNP:A->G);25138(SNP:G->T);26872(SNP:C->T);28931(SNP:G->A);28932(SNP:G->A);28933(SNP:G->C);29573(SNP:C->T);29887(Deletion:CCCATGTG-ATTTTAATAGC--TT-C--T--TAGGAG--AATGA---------------------------------------------------------------------------------------------------------------------------CAAAAAAAAAAAAAAAAAAAAAAAAAAAAAAAAA--------------------------------------------------------------------------------------------------------------------------------------------------------------------------------------------------------------------------------------------------------------------------------------------------------------------------------------------------------------------------------------------------------------------------------------------------------------------------------------------------------------------------------------------------------------------------------------------------------------------------------------------------------------------------------------------------------------------------------------------------------------------------------------------------------------------------------------------------------->C),2020-07-23,['EPI_ISL_16224908'],GR,B.1.1.28,South America / Brazil / Sao Paulo / Ribeirao Preto,['EPI_ISL_16224807'],1,0.010749735526007411
1(Deletion:-AT-TAAAGG----TTTATA------------------CCTTCCCAGGTAA------CAA---------------------ACCAACCAACTTTCGATCTCTTGT->-);291(SNP:C->T);351(SNP:A->G);1499(SNP:C->T);2112(SNP:C->T);3087(SNP:C->T);3590(SNP:C->T);8705(SNP:C->T);10446(SNP:G->T);12075(SNP:C->T);12103(SNP:C->T);14458(SNP:C->T);20376(SNP:G->A);22064(SNP:G->T);23453(SNP:A->G);25138(SNP:G->T);25404(SNP:G->T);28931(SNP:G->A);28932(SNP:G->A);28933(SNP:G->C);29887(Deletion:CCCATGTG-ATTTTAATAGC--TT-C--T--TAGGAG--AATGA---------------------------------------------------------------------------------------------------------------------------CAAAAAAAAAAAAAAAAAAAAAAAAAAAAAAAAA--------------------------------------------------------------------------------------------------------------------------------------------------------------------------------------------------------------------------------------------------------------------------------------------------------------------------------------------------------------------------------------------------------------------------------------------------------------------------------------------------------------------------------------------------------------------------------------------------------------------------------------------------------------------------------------------------------------------------------------------------------------------------------------------------------------------------------------------------------->C),2020-08-05,['EPI_ISL_18632273'],GR,B.1.1.28,South America / Brazil / Sao Paulo / Sao Jose do Rio Preto,['EPI_ISL_16224807'],1,0.010749735526007411
1(Deletion:-AT-TAAAGG----TTTATA------------------CCTTCCCAGGTAA------CAA---------------------ACCAACCAACTTTCGATCTCTTGT->-);291(SNP:C->T);1644(SNP:C->T);2239(SNP:C->T);2624(SNP:C->T);3087(SNP:C->T);12103(SNP:C->T);13299(SNP:G->T);14458(SNP:C->T);15752(SNP:A->G);16880(SNP:C->T);18701(SNP:G->T);23453(SNP:A->G);25138(SNP:G->T);26160(SNP:C->T);28503(SNP:C->T);28931(SNP:G->A);28932(SNP:G->A);28933(SNP:G->C);29475(SNP:G->T);29887(Deletion:CCCATGTG-ATTTTAATAGC--TT-C--T--TAGGAG--AATGA---------------------------------------------------------------------------------------------------------------------------CAAAAAAAAAAAAAAAAAAAAAAAAAAAAAAAAA--------------------------------------------------------------------------------------------------------------------------------------------------------------------------------------------------------------------------------------------------------------------------------------------------------------------------------------------------------------------------------------------------------------------------------------------------------------------------------------------------------------------------------------------------------------------------------------------------------------------------------------------------------------------------------------------------------------------------------------------------------------------------------------------------------------------------------------------------------->C),2020-08-24,['EPI_ISL_17074867'],GR,B.1.1.28,South America / Brazil / Sao Paulo,['EPI_ISL_16224807'],1,0.010749735526007411
1(Deletion:-AT-TAAAGG----TTTATA------------------CCTTCCCAGGTAA------CAA---------------------ACCAACCAACTTTCGATCTCTTGT->-);291(SNP:C->T);3087(SNP:C->T);4361(SNP:G->C);7174(SNP:C->T);8077(SNP:G->T);9510(SNP:G->A);10920(SNP:G->T);11646(SNP:G->T);12103(SNP:C->T);14458(SNP:C->T);23453(SNP:A->G);23671(SNP:G->T);25138(SNP:G->T);28361(SNP:C->T);28931(SNP:G->A);28932(SNP:G->A);28933(SNP:G->C);29887(Deletion:CCCATGTG-ATTTTAATAGC--TT-C--T--TAGGAG--AATGA---------------------------------------------------------------------------------------------------------------------------CAAAAAAAAAAAAAAAAAAAAAAAAAAAAAAAAA--------------------------------------------------------------------------------------------------------------------------------------------------------------------------------------------------------------------------------------------------------------------------------------------------------------------------------------------------------------------------------------------------------------------------------------------------------------------------------------------------------------------------------------------------------------------------------------------------------------------------------------------------------------------------------------------------------------------------------------------------------------------------------------------------------------------------------------------------------->C),2020-08-29,['EPI_ISL_2344433'],GR,P.7,South America / Brazil / Rio Grande do Sul / Porto Alegre,['EPI_ISL_16224807'],1,0.010749735526007411
1(Deletion:-AT-TAAAGG----TTTATA------------------CCTTCCCAGGTAA------CAA---------------------ACCAACCAACTTTCGATCTCTTGT->-);291(SNP:C->T);3087(SNP:C->T);7408(SNP:A->G);8863(SNP:G->A);12103(SNP:C->T);14458(SNP:C->T);16625(SNP:C->T);17452(SNP:C->T);21341(SNP:T->C);23453(SNP:A->G);25138(SNP:G->T);25628(SNP:C->T);25835(SNP:G->T);26153(SNP:T->C);26944(SNP:C->T);28076(SNP:T->C);28931(SNP:G->A);28932(SNP:G->A);28933(SNP:G->C);29887(Deletion:CCCATGTG-ATTTTAATAGC--TT-C--T--TAGGAG--AATGA---------------------------------------------------------------------------------------------------------------------------CAAAAAAAAAAAAAAAAAAAAAAAAAAAAAAAAA--------------------------------------------------------------------------------------------------------------------------------------------------------------------------------------------------------------------------------------------------------------------------------------------------------------------------------------------------------------------------------------------------------------------------------------------------------------------------------------------------------------------------------------------------------------------------------------------------------------------------------------------------------------------------------------------------------------------------------------------------------------------------------------------------------------------------------------------------------->C),2020-08-31,['EPI_ISL_18632354'],GR,B.1.1.28,South America / Brazil / Sao Paulo / Sao Jose do Rio Preto,['EPI_ISL_16224807'],1,0.010749735526007411
1(Deletion:-AT-TAAAGG----TTTATA------------------CCTTCCCAGGTAA------CAA---------------------ACCAACCAACTTTCGATCTCTTGT->-);291(SNP:C->T);3087(SNP:C->T);4394(SNP:T->C);7893(SNP:C->T);8258(SNP:C->T);12103(SNP:C->T);14233(SNP:C->T);14458(SNP:C->T);15326(SNP:T->C);20066(SNP:C->T);23453(SNP:A->G);23493(SNP:T->C);25138(SNP:G->T);25692(SNP:C->T);28927(SNP:A->T);28928(SNP:G->C);28931(SNP:G->A);28932(SNP:G->A);28933(SNP:G->C);29887(Deletion:CCCATGTG-ATTTTAATAGC--TT-C--T--TAGGAG--AATGA---------------------------------------------------------------------------------------------------------------------------CAAAAAAAAAAAAAAAAAAAAAAAAAAAAAAAAA--------------------------------------------------------------------------------------------------------------------------------------------------------------------------------------------------------------------------------------------------------------------------------------------------------------------------------------------------------------------------------------------------------------------------------------------------------------------------------------------------------------------------------------------------------------------------------------------------------------------------------------------------------------------------------------------------------------------------------------------------------------------------------------------------------------------------------------------------------->C),2020-09-03,['EPI_ISL_16225043'],GR,B.1.1.28,South America / Brazil / Sao Paulo / Ribeirao Preto,['EPI_ISL_16224807'],1,0.010749735526007411
1(Deletion:-AT-TAAAGG----TTTATA------------------CCTTCCCAGGTAA------CAA---------------------ACCAACCAACTTTCGATCTCTTGT->-);291(SNP:C->T);1962(SNP:C->T);3087(SNP:C->T);4636(SNP:C->T);9179(SNP:T->G);11571(SNP:G->T);11901(SNP:G->T);12103(SNP:C->T);14458(SNP:C->T);20182(SNP:C->T);23453(SNP:A->G);25138(SNP:G->T);28931(SNP:G->A);28932(SNP:G->A);28933(SNP:G->C);29740(SNP:G->T);29804(SNP:C->T);29887(Deletion:CCCATGTG-ATTTTAATAGC--TT-C--T--TAGGAG--AATGA---------------------------------------------------------------------------------------------------------------------------CAAAAAAAAAAAAAAAAAAAAAAAAAAAAAAAAA--------------------------------------------------------------------------------------------------------------------------------------------------------------------------------------------------------------------------------------------------------------------------------------------------------------------------------------------------------------------------------------------------------------------------------------------------------------------------------------------------------------------------------------------------------------------------------------------------------------------------------------------------------------------------------------------------------------------------------------------------------------------------------------------------------------------------------------------------------->C),2020-09-04,['EPI_ISL_16225056'],GR,B.1.1.28,South America / Brazil / Sao Paulo / Ribeirao Preto,['EPI_ISL_16224807'],1,0.010749735526007411
1(Deletion:-AT-TAAAGG----TTTATA------------------CCTTCCCAGGTAA------CAA---------------------ACCAACCAACTTTCGATCTCTTGT->-);291(SNP:C->T);3087(SNP:C->T);9089(SNP:C->T);12103(SNP:C->T);13461(SNP:T->C);14458(SNP:C->T);20309(SNP:C->T);20881(SNP:C->T);23453(SNP:A->G);25138(SNP:G->T);26785(SNP:C->T);28056(SNP:C->G);28931(SNP:G->A);28932(SNP:G->A);28933(SNP:G->C);29887(Deletion:CCCATGTG-ATTTTAATAGC--TT-C--T--TAGGAG--AATGA---------------------------------------------------------------------------------------------------------------------------CAAAAAAAAAAAAAAAAAAAAAAAAAAAAAAAAA--------------------------------------------------------------------------------------------------------------------------------------------------------------------------------------------------------------------------------------------------------------------------------------------------------------------------------------------------------------------------------------------------------------------------------------------------------------------------------------------------------------------------------------------------------------------------------------------------------------------------------------------------------------------------------------------------------------------------------------------------------------------------------------------------------------------------------------------------------->C),2020-09-08,['EPI_ISL_16225064'],GR,B.1.1.28,South America / Brazil / Sao Paulo / Ribeirao Preto,['EPI_ISL_16224807'],1,0.010749735526007411
1(Deletion:-AT-TAAAGG----TTTATA------------------CCTTCCCAGGTAA------CAA---------------------ACCAACCAACTTTCGATCTCTTGT->-);291(SNP:C->T);3087(SNP:C->T);6977(SNP:C->T);9648(SNP:C->T);9907(SNP:C->T);10676(SNP:C->T);12103(SNP:C->T);13990(SNP:A->G);14458(SNP:C->T);14649(SNP:C->T);17729(SNP:G->T);22071(SNP:G->T);23453(SNP:A->G);25138(SNP:G->T);27001(SNP:G->T);28931(SNP:G->A);28932(SNP:G->A);28933(SNP:G->C);29887(Deletion:CCCATGTG-ATTTTAATAGC--TT-C--T--TAGGAG--AATGA---------------------------------------------------------------------------------------------------------------------------CAAAAAAAAAAAAAAAAAAAAAAAAAAAAAAAAA--------------------------------------------------------------------------------------------------------------------------------------------------------------------------------------------------------------------------------------------------------------------------------------------------------------------------------------------------------------------------------------------------------------------------------------------------------------------------------------------------------------------------------------------------------------------------------------------------------------------------------------------------------------------------------------------------------------------------------------------------------------------------------------------------------------------------------------------------------->C),2020-09-09,['EPI_ISL_18632395'],GR,B.1.1.28,South America / Brazil / Sao Paulo / Sao Jose do Rio Preto,['EPI_ISL_16224807'],1,0.010749735526007411
1(Deletion:-AT-TAAAGG----TTTATA------------------CCTTCCCAGGTAA------CAA---------------------ACCAACCAACTTTCGATCTCTTGT->-);150(SNP:C->T);291(SNP:C->T);849(SNP:C->T);1280(SNP:A->G);3087(SNP:C->T);10717(SNP:T->G);11874(SNP:C->T);12103(SNP:C->T);13014(SNP:A->G);14458(SNP:C->T);21992(SNP:T->C);23062(SNP:G->A);23453(SNP:A->G);25138(SNP:G->T);27626(SNP:T->C);28303(SNP:C->T);28678(SNP:G->T);28931(SNP:G->A);28932(SNP:G->A);28933(SNP:G->C);29025(SNP:G->T);29804(SNP:C->T);29887(Deletion:CCCATGTG-ATTTTAATAGC--TT-C--T--TAGGAG--AATGA---------------------------------------------------------------------------------------------------------------------------CAAAAAAAAAAAAAAAAAAAAAAAAAAAAAAAAA--------------------------------------------------------------------------------------------------------------------------------------------------------------------------------------------------------------------------------------------------------------------------------------------------------------------------------------------------------------------------------------------------------------------------------------------------------------------------------------------------------------------------------------------------------------------------------------------------------------------------------------------------------------------------------------------------------------------------------------------------------------------------------------------------------------------------------------------------------->C),2020-09-11,['EPI_ISL_13833484'],GR,P.2,South America / Brazil / Espirito Santo / Vitoria,['EPI_ISL_16224807'],1,0.010749735526007411
1(Deletion:-AT-TAAAGG----TTTATA------------------CCTTCCCAGGTAA------CAA---------------------ACCAACCAACTTTCGATCTCTTGT->-);291(SNP:C->T);2594(SNP:C->M);3087(SNP:C->T);7408(SNP:A->G);8863(SNP:G->A);12103(SNP:C->T);14458(SNP:C->T);16625(SNP:C->T);19934(SNP:C->Y);21341(SNP:T->C);23453(SNP:A->G);25138(SNP:G->T);25628(SNP:C->T);25835(SNP:G->T);26153(SNP:T->C);26944(SNP:C->T);28076(SNP:T->C);28303(SNP:C->Y);28931(SNP:G->A);28932(SNP:G->A);28933(SNP:G->C);29887(Deletion:CCCATGTG-ATTTTAATAGC--TT-C--T--TAGGAG--AATGA---------------------------------------------------------------------------------------------------------------------------CAAAAAAAAAAAAAAAAAAAAAAAAAAAAAAAAA--------------------------------------------------------------------------------------------------------------------------------------------------------------------------------------------------------------------------------------------------------------------------------------------------------------------------------------------------------------------------------------------------------------------------------------------------------------------------------------------------------------------------------------------------------------------------------------------------------------------------------------------------------------------------------------------------------------------------------------------------------------------------------------------------------------------------------------------------------->C),2020-09-11,['EPI_ISL_18632399'],GR,B.1.1.28,South America / Brazil / Sao Paulo / Sao Jose do Rio Preto,['EPI_ISL_16224807'],1,0.010749735526007411
1(Deletion:-AT-TAAAGG----TTTATA------------------CCTTCCCAGGTAA------CAA---------------------ACCAACCAACTTTCGATCTCTTGT->-);291(SNP:C->T);1143(SNP:C->T);3087(SNP:C->T);3317(SNP:C->T);7245(SNP:C->T);11133(SNP:G->T);11385(SNP:G->T);11580(SNP:C->T);12103(SNP:C->T);14458(SNP:C->T);23453(SNP:A->G);24843(SNP:T->A);25138(SNP:G->T);26043(SNP:G->A);27939(SNP:C->T);28056(SNP:C->T);28931(SNP:G->A);28932(SNP:G->A);28933(SNP:G->C);29887(Deletion:CCCATGTG-ATTTTAATAGC--TT-C--T--TAGGAG--AATGA---------------------------------------------------------------------------------------------------------------------------CAAAAAAAAAAAAAAAAAAAAAAAAAAAAAAAAA--------------------------------------------------------------------------------------------------------------------------------------------------------------------------------------------------------------------------------------------------------------------------------------------------------------------------------------------------------------------------------------------------------------------------------------------------------------------------------------------------------------------------------------------------------------------------------------------------------------------------------------------------------------------------------------------------------------------------------------------------------------------------------------------------------------------------------------------------------->C),2020-09-14,['EPI_ISL_16225074'],GR,B.1.1.28,South America / Brazil / Sao Paulo / Ribeirao Preto,['EPI_ISL_16224807'],1,0.010749735526007411
1(Deletion:-AT-TAAAGG----TTTATA------------------CCTTCCCAGGTAA------CAA---------------------ACCAACCAACTTTCGATCTCTTGT->-);291(SNP:C->T);3087(SNP:C->T);5310(SNP:T->C);12103(SNP:C->T);13771(SNP:C->T);14458(SNP:C->T);23453(SNP:A->G);25138(SNP:G->T);25954(SNP:C->T);28931(SNP:G->A);28932(SNP:G->A);28933(SNP:G->C);29148(SNP:C->A);29887(Deletion:CCCATGTG-ATTTTAATAGC--TT-C--T--TAGGAG--AATGA---------------------------------------------------------------------------------------------------------------------------CAAAAAAAAAAAAAAAAAAAAAAAAAAAAAAAAA--------------------------------------------------------------------------------------------------------------------------------------------------------------------------------------------------------------------------------------------------------------------------------------------------------------------------------------------------------------------------------------------------------------------------------------------------------------------------------------------------------------------------------------------------------------------------------------------------------------------------------------------------------------------------------------------------------------------------------------------------------------------------------------------------------------------------------------------------------->C),2020-09-16,['EPI_ISL_16225079'],GR,B.1.1.28,South America / Brazil / Sao Paulo / Ribeirao Preto,['EPI_ISL_16224807'],1,0.010749735526007411
1(Deletion:-AT-TAAAGG----TTTATA------------------CCTTCCCAGGTAA------CAA---------------------ACCAACCAACTTTCGATCTCTTGT->-);291(SNP:C->T);3087(SNP:C->T);3998(SNP:A->G);4524(SNP:G->T);4636(SNP:C->T);7927(SNP:A->G);8475(SNP:A->T);9906(SNP:G->T);10920(SNP:G->T);11625(SNP:C->T);12103(SNP:C->T);14458(SNP:C->T);22518(SNP:G->T);22725(SNP:C->A);23453(SNP:A->G);23643(SNP:G->T);25138(SNP:G->T);25463(SNP:C->T);25602(SNP:G->T);28931(SNP:G->A);28932(SNP:G->A);28933(SNP:G->C);29025(SNP:G->T);29787(SNP:G->T);29887(Deletion:CCCATGTG-ATTTTAATAGC--TT-C--T--TAGGAG--AATGA---------------------------------------------------------------------------------------------------------------------------CAAAAAAAAAAAAAAAAAAAAAAAAAAAAAAAAA--------------------------------------------------------------------------------------------------------------------------------------------------------------------------------------------------------------------------------------------------------------------------------------------------------------------------------------------------------------------------------------------------------------------------------------------------------------------------------------------------------------------------------------------------------------------------------------------------------------------------------------------------------------------------------------------------------------------------------------------------------------------------------------------------------------------------------------------------------->C),2020-09-17,['EPI_ISL_2344450'],GR,B.1.1.28,South America / Brazil / Parana / Curitiba,['EPI_ISL_16224807'],1,0.010749735526007411
1(Deletion:-AT-TAAAGG----TTTATA------------------CCTTCCCAGGTAA------CAA---------------------ACCAACCAACTTTCGATCTCTTGT->-);291(SNP:C->T);3087(SNP:C->T);4186(SNP:G->T);8367(SNP:A->G);9648(SNP:C->T);11133(SNP:G->T);12103(SNP:C->T);14458(SNP:C->T);19068(SNP:C->T);22071(SNP:G->T);23453(SNP:A->G);25138(SNP:G->T);26497(SNP:C->T);26890(SNP:G->R);27001(SNP:G->T);28165(SNP:C->T);28931(SNP:G->A);28932(SNP:G->A);28933(SNP:G->C);29887(Deletion:CCCATGTG-ATTTTAATAGC--TT-C--T--TAGGAG--AATGA---------------------------------------------------------------------------------------------------------------------------CAAAAAAAAAAAAAAAAAAAAAAAAAAAAAAAAA--------------------------------------------------------------------------------------------------------------------------------------------------------------------------------------------------------------------------------------------------------------------------------------------------------------------------------------------------------------------------------------------------------------------------------------------------------------------------------------------------------------------------------------------------------------------------------------------------------------------------------------------------------------------------------------------------------------------------------------------------------------------------------------------------------------------------------------------------------->C),2020-09-17,['EPI_ISL_18632423'],GR,B.1.1.28,South America / Brazil / Sao Paulo / Sao Jose do Rio Preto,['EPI_ISL_16224807'],1,0.010749735526007411
1(Deletion:-AT-TAAAGG----TTTATA------------------CCTTCCCAGGTAA------CAA---------------------ACCAACCAACTTTCGATCTCTTGT->-);291(SNP:C->T);3087(SNP:C->T);3672(SNP:C->T);9529(SNP:G->T);12103(SNP:C->T);12288(SNP:T->C);14458(SNP:C->T);20603(SNP:A->G);23453(SNP:A->G);23691(SNP:T->A);25138(SNP:G->T);28931(SNP:G->A);28932(SNP:G->A);28933(SNP:G->C);29194(SNP:C->T);29352(SNP:T->C);29887(Deletion:CCCATGTG-ATTTTAATAGC--TT-C--T--TAGGAG--AATGA---------------------------------------------------------------------------------------------------------------------------CAAAAAAAAAAAAAAAAAAAAAAAAAAAAAAAAA--------------------------------------------------------------------------------------------------------------------------------------------------------------------------------------------------------------------------------------------------------------------------------------------------------------------------------------------------------------------------------------------------------------------------------------------------------------------------------------------------------------------------------------------------------------------------------------------------------------------------------------------------------------------------------------------------------------------------------------------------------------------------------------------------------------------------------------------------------->C),2020-09-18,['EPI_ISL_17074905'],GR,B.1.1.28,South America / Brazil / Sao Paulo,['EPI_ISL_16224807'],1,0.010749735526007411
1(Deletion:-AT-TAAAGG----TTTATA------------------CCTTCCCAGGTAA------CAA---------------------ACCAACCAACTTTCGATCTCTTGT->-);291(SNP:C->T);1979(SNP:C->T);3087(SNP:C->T);4716(SNP:A->G);10080(SNP:C->T);12103(SNP:C->T);14458(SNP:C->T);14858(SNP:T->C);23453(SNP:A->G);25138(SNP:G->T);25894(SNP:C->T);28107(SNP:C->T);28931(SNP:G->A);28932(SNP:G->A);28933(SNP:G->C);29887(Deletion:CCCATGTG-ATTTTAATAGC--TT-C--T--TAGGAG--AATGA---------------------------------------------------------------------------------------------------------------------------CAAAAAAAAAAAAAAAAAAAAAAAAAAAAAAAAA--------------------------------------------------------------------------------------------------------------------------------------------------------------------------------------------------------------------------------------------------------------------------------------------------------------------------------------------------------------------------------------------------------------------------------------------------------------------------------------------------------------------------------------------------------------------------------------------------------------------------------------------------------------------------------------------------------------------------------------------------------------------------------------------------------------------------------------------------------->C),2020-09-20,['EPI_ISL_16225078'],GR,B.1.1.28,South America / Brazil / Sao Paulo / Ribeirao Preto,['EPI_ISL_16224807'],1,0.010749735526007411
1(Deletion:-AT-TAAAGG----TTTATA------------------CCTTCCCAGGTAA------CAA---------------------ACCAACCAACTTTCGATCTCTTGT->-);291(SNP:C->T);2047(SNP:C->T);3087(SNP:C->T);12103(SNP:C->T);14458(SNP:C->T);18136(SNP:C->T);20324(SNP:G->T);20325(SNP:G->T);23042(SNP:G->T);23453(SNP:A->G);24962(SNP:C->T);25138(SNP:G->T);28931(SNP:G->A);28932(SNP:G->A);28933(SNP:G->C);29887(Deletion:CCCATGTG-ATTTTAATAGC--TT-C--T--TAGGAG--AATGA---------------------------------------------------------------------------------------------------------------------------CAAAAAAAAAAAAAAAAAAAAAAAAAAAAAAAAA--------------------------------------------------------------------------------------------------------------------------------------------------------------------------------------------------------------------------------------------------------------------------------------------------------------------------------------------------------------------------------------------------------------------------------------------------------------------------------------------------------------------------------------------------------------------------------------------------------------------------------------------------------------------------------------------------------------------------------------------------------------------------------------------------------------------------------------------------------->C),2020-09-21,['EPI_ISL_18632434'],GR,B.1.1.28,South America / Brazil / Sao Paulo / Sao Jose do Rio Preto,['EPI_ISL_16224807'],1,0.010749735526007411
1(Deletion:-AT-TAAAGG----TTTATA------------------CCTTCCCAGGTAA------CAA---------------------ACCAACCAACTTTCGATCTCTTGT->-);291(SNP:C->T);3087(SNP:C->T);9648(SNP:C->T);9907(SNP:C->T);10676(SNP:C->T);12103(SNP:C->T);14458(SNP:C->T);14649(SNP:C->T);20066(SNP:C->T);22071(SNP:G->T);23453(SNP:A->G);25138(SNP:G->T);25892(SNP:T->C);27001(SNP:G->T);27973(SNP:C->T);28931(SNP:G->A);28932(SNP:G->A);28933(SNP:G->C);29887(Deletion:CCCATGTG-ATTTTAATAGC--TT-C--T--TAGGAG--AATGA---------------------------------------------------------------------------------------------------------------------------CAAAAAAAAAAAAAAAAAAAAAAAAAAAAAAAAA--------------------------------------------------------------------------------------------------------------------------------------------------------------------------------------------------------------------------------------------------------------------------------------------------------------------------------------------------------------------------------------------------------------------------------------------------------------------------------------------------------------------------------------------------------------------------------------------------------------------------------------------------------------------------------------------------------------------------------------------------------------------------------------------------------------------------------------------------------->C),2020-09-23,['EPI_ISL_18632448'],GR,B.1.1.28,South America / Brazil / Sao Paulo / Sao Jose do Rio Preto,['EPI_ISL_16224807'],1,0.010749735526007411
1(Deletion:-AT-TAAAGG----TTTATA------------------CCTTCCCAGGTAA------CAA---------------------ACCAACCAACTTTCGATCTCTTGT->-);291(SNP:C->T);3087(SNP:C->T);11159(SNP:C->T);11913(SNP:G->A);12103(SNP:C->T);14458(SNP:C->T);14774(SNP:C->T);23453(SNP:A->G);25138(SNP:G->T);25340(SNP:G->T);28931(SNP:G->A);28932(SNP:G->A);28933(SNP:G->C);29635(SNP:C->T);29887(Deletion:CCCATGTG-ATTTTAATAGC--TT-C--T--TAGGAG--AATGA---------------------------------------------------------------------------------------------------------------------------CAAAAAAAAAAAAAAAAAAAAAAAAAAAAAAAAA--------------------------------------------------------------------------------------------------------------------------------------------------------------------------------------------------------------------------------------------------------------------------------------------------------------------------------------------------------------------------------------------------------------------------------------------------------------------------------------------------------------------------------------------------------------------------------------------------------------------------------------------------------------------------------------------------------------------------------------------------------------------------------------------------------------------------------------------------------->C),2020-09-28,['EPI_ISL_17074873'],GR,B.1.1.28,South America / Brazil / Sao Paulo,['EPI_ISL_16224807'],1,0.010749735526007411
